# ************************************************************
# Sequel Pro SQL dump
# Version 4096
#
# http://www.sequelpro.com/
# http://code.google.com/p/sequel-pro/
#
# Host: localhost (MySQL 5.6.22)
# Database: artistwagon
# Generation Time: 2015-03-03 02:11:56 +0000
# ************************************************************


/*!40101 SET @OLD_CHARACTER_SET_CLIENT=@@CHARACTER_SET_CLIENT */;
/*!40101 SET @OLD_CHARACTER_SET_RESULTS=@@CHARACTER_SET_RESULTS */;
/*!40101 SET @OLD_COLLATION_CONNECTION=@@COLLATION_CONNECTION */;
/*!40101 SET NAMES utf8 */;
/*!40014 SET @OLD_FOREIGN_KEY_CHECKS=@@FOREIGN_KEY_CHECKS, FOREIGN_KEY_CHECKS=0 */;
/*!40101 SET @OLD_SQL_MODE=@@SQL_MODE, SQL_MODE='NO_AUTO_VALUE_ON_ZERO' */;
/*!40111 SET @OLD_SQL_NOTES=@@SQL_NOTES, SQL_NOTES=0 */;


# Dump of table BAND
# ------------------------------------------------------------

DROP TABLE IF EXISTS `BAND`;

CREATE TABLE `BAND` (
  `GROUP_ID` int(11) unsigned NOT NULL AUTO_INCREMENT,
  `NAME` varchar(60) NOT NULL DEFAULT '',
  PRIMARY KEY (`GROUP_ID`)
) ENGINE=InnoDB DEFAULT CHARSET=latin1;

LOCK TABLES `BAND` WRITE;
/*!40000 ALTER TABLE `BAND` DISABLE KEYS */;

INSERT INTO `BAND` (`GROUP_ID`, `NAME`)
VALUES
	(1,'Cowboy Jukebox'),
	(2,'Here The Party');

/*!40000 ALTER TABLE `BAND` ENABLE KEYS */;
UNLOCK TABLES;


# Dump of table TRANSACTION
# ------------------------------------------------------------

DROP TABLE IF EXISTS `TRANSACTION`;

CREATE TABLE `TRANSACTION` (
  `TRANSACTION_ID` int(11) unsigned NOT NULL AUTO_INCREMENT,
  `USER_GROUP_ID` int(11) DEFAULT NULL,
  `DATE` timestamp NULL DEFAULT NULL,
  `TYPE` varchar(45) DEFAULT NULL,
  `DESCRIPTION` blob,
  `STATUS` varchar(45) DEFAULT NULL,
  `AMOUNT` decimal(20,2) DEFAULT NULL,
  PRIMARY KEY (`TRANSACTION_ID`)
) ENGINE=InnoDB DEFAULT CHARSET=latin1;

LOCK TABLES `TRANSACTION` WRITE;
/*!40000 ALTER TABLE `TRANSACTION` DISABLE KEYS */;

INSERT INTO `TRANSACTION` (`TRANSACTION_ID`, `USER_GROUP_ID`, `DATE`, `TYPE`, `DESCRIPTION`, `STATUS`, `AMOUNT`)
VALUES
	(1,2,'2001-09-28 01:00:00','Debit',X'4775697461722043656E746572','Pending',120.00),
	(2,2,'2001-09-28 01:00:00','Debit',X'4775697461722043656E7465720A','Pending',12.00),
	(3,2,'2001-09-28 01:00:00','Debit',X'4775697461722043656E7465720A','Pending',120.00),
	(4,2,'2001-09-28 01:00:00','Debit',X'4775697461722043656E7465720A','Pending',120.00),
	(5,2,'2001-09-28 01:00:00','Debit',X'4775697461722043656E7465720A','Pending',120.00),
	(6,2,'2001-09-28 01:00:00','Debit',X'4775697461722043656E7465720A','Pending',120.00),
	(7,2,'2001-09-28 01:00:00','Debit',X'4775697461722043656E7465720A','Pending',120.00),
	(8,2,'2001-09-28 01:00:00','Debit',X'4775697461722043656E7465720A','Pending',120.00),
	(9,2,'2001-09-28 01:00:00','Debit',X'4775697461722043656E7465720A','Pending',120.00),
	(10,1,'2001-09-28 01:00:00','Deposit',X'576869736B6579204A61636B7320496E63','Pending',700.00),
	(11,1,'2001-09-28 01:00:00','Debit',X'486F6D65204465706F74','Pending',31.53),
	(12,1,'2001-09-28 01:00:00','Debit',X'655369676E2042616E6E657273','Complete',130.33),
	(13,1,'2001-09-28 01:00:00','Deposit',X'546F6279204B6569746827732049204C6F76652054686973204261722026204772696C6C20496E63','Complete',800.00),
	(14,1,'2001-09-28 01:00:00','Debit',X'4775697461722043656E746572202D203132332048616C73746564205374','Complete',26.43),
	(15,1,'2001-09-28 01:00:00','Withdraw',X'4163636F756E74202320585858582D585858582D585858582D31333536','Complete',169.32),
	(16,1,'2001-09-28 01:00:00','Deposit',X'546F6279204B6569746827732049204C6F76652054686973204261722026204772696C6C20496E63','Complete',800.00),
	(17,1,'2001-09-28 01:00:00','Debit',X'4775697461722043656E746572202D203132332048616C73746564205374','Complete',157.65),
	(18,1,'2001-09-28 01:00:00','Withdraw',X'4163636F756E74202320585858582D585858582D585858582D31333536','Complete',387.46),
	(19,1,'2001-09-28 01:00:00','Deposit',X'4669726577617465722053616C6F6F6E','Complete',800.00),
	(20,1,'2001-09-28 01:00:00','Transfer',X'5472616E7366657220546F204164616D204D69636861656C73','Complete',160.00),
	(21,1,'2001-09-28 01:00:00','Transfer',X'5472616E7366657220546F20446F7567205061776C696B0A','Complete',160.00),
	(22,1,'2001-09-28 01:00:00','Transfer',X'547261736E66657220546F204C6175726120536176616765','Complete',160.00),
	(23,1,'2001-09-28 01:00:00','Transfer',X'5472616E7366657220546F204E69636B204164656C626572676572','Complete',160.00),
	(24,1,'2001-09-28 01:00:00','Deposit',X'50696E63682050656E6E7920507562','Complete',1800.00),
	(25,1,'2001-09-28 01:00:00','Debit',X'53616D20417368','Pending',1200.00);

/*!40000 ALTER TABLE `TRANSACTION` ENABLE KEYS */;
UNLOCK TABLES;


# Dump of table USER
# ------------------------------------------------------------

DROP TABLE IF EXISTS `USER`;

CREATE TABLE `USER` (
  `USERNAME` varchar(45) NOT NULL DEFAULT '',
  `PASSWORD` varchar(60) NOT NULL DEFAULT '',
  `IS_ENABLED` tinyint(4) NOT NULL DEFAULT '1',
  `FULL_NAME` varchar(45) DEFAULT NULL,
  PRIMARY KEY (`USERNAME`)
) ENGINE=InnoDB DEFAULT CHARSET=latin1;

LOCK TABLES `USER` WRITE;
/*!40000 ALTER TABLE `USER` DISABLE KEYS */;

INSERT INTO `USER` (`USERNAME`, `PASSWORD`, `IS_ENABLED`, `FULL_NAME`)
VALUES
	('adam.michaels@gmail.com','$2a$10$04TVADrR6/SPLBjsK0N30.Jf5fNjBugSACeGv1S69dZALR7lSov0y',1,'Adam Michaels'),
	('carrielambert5@gmail.com','$2a$10$04TVADrR6/SPLBjsK0N30.Jf5fNjBugSACeGv1S69dZALR7lSov0y',1,'Carrie Lambert'),
	('doug.pawlik@gmail.com','$2a$10$04TVADrR6/SPLBjsK0N30.Jf5fNjBugSACeGv1S69dZALR7lSov0y',1,'Doug Pawlik'),
	('laura.savage@gmail.com','$2a$10$04TVADrR6/SPLBjsK0N30.Jf5fNjBugSACeGv1S69dZALR7lSov0y',1,'Laura Savage'),
	('matt.adelberger@gmail.com','$2a$10$04TVADrR6/SPLBjsK0N30.Jf5fNjBugSACeGv1S69dZALR7lSov0y',1,'Matt Adelberger'),
	('nick.adelberger@gmail.com','$2a$10$04TVADrR6/SPLBjsK0N30.Jf5fNjBugSACeGv1S69dZALR7lSov0y',1,'Nick Adelberger'),
	('rohit.kumar@gmail.com','$2a$10$04TVADrR6/SPLBjsK0N30.Jf5fNjBugSACeGv1S69dZALR7lSov0y',1,'Rohit Kumar');

/*!40000 ALTER TABLE `USER` ENABLE KEYS */;
UNLOCK TABLES;


# Dump of table USER_BAND
# ------------------------------------------------------------

DROP TABLE IF EXISTS `USER_BAND`;

CREATE TABLE `USER_BAND` (
  `USER_GROUP_ID` int(11) unsigned NOT NULL AUTO_INCREMENT,
  `USERNAME` varchar(45) DEFAULT NULL,
  `GROUP_ID` int(11) DEFAULT NULL,
  `BALANCE` decimal(20,2) DEFAULT NULL,
  PRIMARY KEY (`USER_GROUP_ID`),
  KEY `USERNAME` (`USERNAME`)
) ENGINE=InnoDB DEFAULT CHARSET=latin1;

LOCK TABLES `USER_BAND` WRITE;
/*!40000 ALTER TABLE `USER_BAND` DISABLE KEYS */;

INSERT INTO `USER_BAND` (`USER_GROUP_ID`, `USERNAME`, `GROUP_ID`, `BALANCE`)
VALUES
	(1,'matt.adelberger@gmail.com',1,162.35),
	(2,'matt.adelberger@gmail.com',2,13.54),
	(3,'laura.savage@gmail.com',1,0.00),
	(4,'nick.adelberger@gmail.com',1,0.00),
	(5,'adam.michaels@gmail.com',1,0.00),
	(6,'doug.pawlik@gmail.com',1,0.00);

/*!40000 ALTER TABLE `USER_BAND` ENABLE KEYS */;
UNLOCK TABLES;


# Dump of table USER_ROLE
# ------------------------------------------------------------

DROP TABLE IF EXISTS `USER_ROLE`;

CREATE TABLE `USER_ROLE` (
  `USER_ROLE_ID` int(11) NOT NULL AUTO_INCREMENT,
  `USERNAME` varchar(45) NOT NULL DEFAULT '',
  `ROLE` varchar(45) NOT NULL DEFAULT '',
  PRIMARY KEY (`USER_ROLE_ID`),
  UNIQUE KEY `uni_username_role` (`ROLE`,`USERNAME`),
  KEY `fk_username_idx` (`USERNAME`),
  CONSTRAINT `fk_username` FOREIGN KEY (`USERNAME`) REFERENCES `user` (`USERNAME`)
) ENGINE=InnoDB DEFAULT CHARSET=latin1;

LOCK TABLES `USER_ROLE` WRITE;
/*!40000 ALTER TABLE `USER_ROLE` DISABLE KEYS */;

INSERT INTO `USER_ROLE` (`USER_ROLE_ID`, `USERNAME`, `ROLE`)
VALUES
	(7,'adam.michaels@gmail.com','ROLE_USER'),
	(3,'carrielambert5@gmail.com','ROLE_USER'),
	(5,'doug.pawlik@gmail.com','ROLE_USER'),
	(6,'laura.savage@gmail.com','ROLE_USER'),
	(1,'matt.adelberger@gmail.com','ROLE_USER'),
	(4,'nick.adelberger@gmail.com','ROLE_USER'),
	(2,'rohit.kumar@gmail.com','ROLE_USER');

/*!40000 ALTER TABLE `USER_ROLE` ENABLE KEYS */;
UNLOCK TABLES;



/*!40111 SET SQL_NOTES=@OLD_SQL_NOTES */;
/*!40101 SET SQL_MODE=@OLD_SQL_MODE */;
/*!40014 SET FOREIGN_KEY_CHECKS=@OLD_FOREIGN_KEY_CHECKS */;
/*!40101 SET CHARACTER_SET_CLIENT=@OLD_CHARACTER_SET_CLIENT */;
/*!40101 SET CHARACTER_SET_RESULTS=@OLD_CHARACTER_SET_RESULTS */;
/*!40101 SET COLLATION_CONNECTION=@OLD_COLLATION_CONNECTION */;
